Type,Name,Request Count,Failure Count,Median Response Time,Average Response Time,Min Response Time,Max Response Time,Average Content Size,Requests/s,Failures/s,50%,66%,75%,80%,90%,95%,98%,99%,99.9%,99.99%,100%
POST,/parse,41,3,11000.0,11380.197959345845,3740.7482970156707,35997.67160101328,424.6341463414634,0.6943843109479814,0.05080860811814498,11000,12000,12000,12000,16000,24000,36000,36000,36000,36000,36000
,Aggregated,41,3,11000.0,11380.197959345845,3740.7482970156707,35997.67160101328,424.6341463414634,0.6943843109479814,0.05080860811814498,11000,12000,12000,12000,16000,24000,36000,36000,36000,36000,36000
